"www.elfondil.blogspot.com","Top/World/Español/Free_time/open_air/Hunting/Dogs"
"www.literatureforallofus.org","Top/Regional/North_America/United_States/Illinois/Localities/E/Evanston/Society_and_Culture"
"www.ebi-ya.com","Top/World/Japanese/business/food/Fish_and_processed_marine_products/Shrimp_and_crab"
"highsprings.sbac.edu","Top/Regional/North_America/United_States/Florida/Localities/H/High_Springs/Education"
"www.einsteinsimplified.com","Top/Regional/North_America/United_States/Tennessee/Localities/K/Knoxville/Arts_and_Entertainment"
"www.waegetechnik-koch.de","Top/World/Deutsch/Regional/Europe/Germany/Bavaria/Counties/Deggendorf/cities_and_communes/Osterhofen|Top/World/Deutsch/economy/Industrial_Goods_and_Services/Metrology_and_Calibration/Mass"
"www.iiccolonia.esteri.it","Top/World/Italiano/Regional/Europe/Germany/North_Rhine_-_Westphalia/Colony|Top/World/Deutsch/Regional/Europe/Germany/North_Rhine-Westphalia/cities_and_communes/TO/Cologne/Culture"
"www.londonstoneconservation.co.uk","Top/Regional/Europe/United_Kingdom/Business_and_Economy/Construction_and_Maintenance/Building_Conservation/Contractors_and_Services"
"taulovnet.dk","Top/World/Dansk/Culture/TV_and_radio/antenna"
"www.mrboom.co.uk","Top/Regional/Europe/United_Kingdom/Scotland/Arts_and_Entertainment/Music/Styles/Traditional"
"www.indigokinder.de","Top/World/Deutsch/society/Religion_and_Spirituality/New_Age/light_work"
"www.sunvillebb.com","Top/Regional/Europe/Ireland/Cork/Localities/Ballycotton"
"www.rotarybelmopan.org","Top/Regional/Central_America/Belize/Cayo/Localities/Belmopan"
"www.gebrauchtkassen.com","Top/World/Deutsch/economy/retail_trade/The_box"
"www.midway-express.de","Top/World/Deutsch/Regional/Europe/Germany/Schleswig-Holstein/circles/Steinburg/cities_and_communes/Angel_Wildnis"
"www.hclconline.org","Top/Society/Religion_and_Spirituality/Christianity/Denominations/Lutheran/Congregations/Lutheran_Church-Missouri_Synod/United_States/New_Jersey"
"www.cpr-twincities.com","Top/Business/Education_and_Training/Health_and_Safety/CPR_and_First_Aid/United_States"
"www.jimsmusiconline.com","Top/Shopping/Music/Instruments"
"kamtrekking.ru","Top/World/Russian/Countries_and_regions/Europe/Russia/Subjects_of_the_Federation/Kamchatka_Krai/Petropavlovsk-Kamchatsky/Travel_and_tourism/Tourist_services/Tour_operators"
"www.hausseeluft.de","Top/World/Deutsch/Regional/Europe/Germany/Lower_Saxony/Counties/Aurich/cities_and_communes/Dornum/Hospitality/accommodation/Furnished_tourist_rentals"
"www.datetori-club.com","Top/World/Japanese/Region/Asia/Japan/Fukushima/Municipality/Date_City/Business_and_Economy"
"www.comediedevalence.com","Top/World/Français/Regional/Europe/France/Arts_et_culture/Performing_Arts/Theater/Salles"
"www.dancingeagles.com","Top/Regional/North_America/United_States/Alaska/Localities/S/Seldovia/Travel_and_Tourism/Lodging"
"www.plnmortgage.com","Top/Regional/North_America/United_States/Washington/Localities/B/Bellevue/Business_and_Economy/Financial_Services|Top/Business/Financial_Services/Mortgages/Regional/United_States/Washington"
"www.psychotherapeutenkammer-nrw.de","Top/World/Deutsch/Regional/Europe/Germany/North_Rhine-Westphalia/health/organizations"
"www.edificacio.org","Top/World/Català/Regional/country_Valencià/Valencia/Costera/teaching|Top/World/Español/Regional/Europe/Spain/Autonomous_communities/Valencian_Community/Valencia/Costera/Education"
"globalscholars.yale.edu","Top/Science/Social_Sciences/Communication/Public_Speaking/Forensics/Lincoln_Douglas_Debate"
"www.lancasterlibraries.org","Top/Regional/North_America/United_States/Pennsylvania/Counties/Lancaster/Arts_and_Entertainment"
"www.blackburnstingers.com","Top/Regional/North_America/Canada/Ontario/Localities/O/Ottawa/Recreation_and_Sports/Hockey/Associations"
"www.dicksonforsacks.co.uk","Top/Business/Industrial_Goods_and_Services/Packaging/Flexible"
"www.town.meiwa.mie.jp","Top/World/Japanese/Region/Asia/Japan/triple/Municipality/Meiwa-cho"
"www.pur-gmbh.de","Top/World/Deutsch/economy/Industrial_Goods_and_Services/employment/Recruitment_and_Staffing/temporary_work"
"dailyapps.net","Top/Computers/Software/News_and_Media"
"www.ultraland.ru","Top/World/Russian/Business/health/Goods_and_services/Diagnostics/Ultrasound"
"gigglingpie.tripod.com","Top/Arts/Performing_Arts/Comedy/Comedians/Groups/G"
"www.paulaldenkamp.nl","Top/World/Nederlands/House_and_garden/Interior/Bathroom"
"www.objectifevasion.fr","Top/World/Français/Regional/Europe/France/Sports_and_leisures/Hobbies/Summer_Camps"
"www.dmgi.net","Top/Computers/Hardware/Retailers/D"
"www.grupogallara.com.ar","Top/World/Español/Regional/America/Argentina/provinces/Cordova/Business_and_Economy"
"www.jeollo.de","Top/World/Deutsch/Sport/ball_Sports/Soccer/Teams/Germany/Baden-Wurttemberg/VfB_Stuttgart"
"www.thaiheilmassage.de","Top/World/Deutsch/health/Alternative/Bodywork/Thai-Massage/surgeries/Germany"
"www.fleettrax.net","Top/Business/Telecommunications/Location_and_Tracking/Vehicle"
"www.town.mitake.gifu.jp","Top/World/Japanese/Region/Asia/Japan/Gifu/Municipality/Mitake-cho"
"www.aleksandrow-lodzki.pl","Top/Regional/Europe/Poland/Provinces/Lodzkie/Localities/Aleksandrow_Lodzki|Top/World/Polski/regional/Europe/Poland/Lodz/counties/Zgierski/Aleksandrów_Łódzki"
"www.royal-enfield.de","Top/World/Deutsch/leisure/motorcycle/brands/Royal_Enfield"
"www.foyerspa.be","Top/World/Français/Society/Religion_and_Spirituality/Christianity/Catholicism/communities/Foyers_of_Charity"
"www.happyhorseslangenau.de","Top/World/Deutsch/Sport/Tiersport/Equestrian/Teams/Germany/Bavaria"
"www.nachderrevolution-derfilm.de","Top/World/Deutsch/Culture/Film/title/N/After_the_Revolution"
"www.nuthetal-caravan.de","Top/World/Deutsch/leisure/Outdoor/Camping/vehicles/products_and_services/Germany/Brandenburg|Top/World/Deutsch/Regional/Europe/Germany/Brandenburg/Counties/Potsdam-Mittelmark/cities_and_communes/Nuthetal"
"www.bancodicaribe.com","Top/Regional/Caribbean/Curaçao/Business_and_Economy/Financial_Services"
"www.camping-book.com","Top/World/Français/Hobbies/Trip/Accommodation/Campings"
"www.caninehilton.co.uk","Top/Regional/Europe/United_Kingdom/England/London/Sutton/Carshalton/Business_and_Economy"
"www.thunderboatmarinecenter.com","Top/Regional/North_America/United_States/Florida/Localities/D/Dania_Beach/Recreation_and_Sports"
"www.kard.com","Top/Arts/Television/Stations/North_America/United_States/Louisiana"
"www.digidrum.ch","Top/World/Deutsch/Regional/Europe/Switzerland/Bern/communities/Bern/economy"
"www.washers-italia.it","Top/World/Italiano/Business/Goods_and_Services_for_Industry/Control_of_Liquids_and_Gases/Gaskets_and_Seals"
"www.fotografie-zoellner.de","Top/World/Deutsch/economy/Culture_and_Entertainment/Photo/Photographers/Germany"
"www.estrobarocco.com","Top/World/Italiano/Art/Music/genres/Early_music/artists"
"www.joebryan.com","Top/Business/Arts_and_Entertainment/Media_Production/Video/Videographers/Wedding_and_Events/United_States/Alabama"
"www.ttk-style.ru","Top/World/Russian/Purchases/sport/Tennis"
"www.agenceabbas.fr","Top/World/Français/Business_and_Economy/Investigation"
"www.bf-ringgaarden.dk","Top/World/Dansk/Regional/Europe/Denmark/East_Jutland/Aarhus/Business_and_Economy/Real_estate"
"www.teilzeithelden.de","Top/World/Deutsch/games/role_playing/Magazines_and_E-zines"
"www.psychedelic-music.de","Top/World/Deutsch/Culture/music/Genres/Rock/Directories"
"www.guiahispana.ca","Top/World/Español/Regional/America/Canada/Guides_and_Directories"
"www.cc-terrasses-vallee-aveyron.fr","Top/World/Français/Regional/Europe/France/regions/Midi-Pyrenees/Tarn-et-Garonne/Business_and_Economy/intercommunal"
"www.body-discovery.de","Top/World/Deutsch/Culture/Photo/Photographers/Anonymous_pages"
"www.bergslandscaping.com","Top/Regional/North_America/United_States/Washington/Localities/W/Woodinville/Business_and_Economy"
"www.altstadt-orchester.de","Top/World/Deutsch/Regional/Europe/Germany/North_Rhine-Westphalia/cities_and_communes/TO/Cologne/Culture/music|Top/World/Deutsch/Culture/music/Genres/Classical_music/artists/orchestra/Amateur_orchestras"
"www.epaule.fr","Top/World/Français/Health/Medicine/medical_specialties/Surgery/Orthopedic_and_trauma"
"www.campinglaguar.com","Top/World/Español/Regional/Europe/Spain/Autonomous_communities/Valencian_Community/Alicante/Marina_Alta/La_Vall_de_Laguar"
"www.roadtorolandgarros.com","Top/World/Français/Sports/Snowshoes/Tennis/Events/Roland_Garros"
"www.washakiedevelopment.com","Top/Regional/North_America/United_States/Wyoming/Counties/Washakie/Business_and_Economy"
"ruvolt.ru","Top/World/Russian/Countries_and_regions/Europe/Russia/Subjects_of_the_Federation/Moscow/Zelenograd/Business_and_Economy/Trade"
"www.tourisme-rennes.com","Top/World/Français/Regional/Europe/France/regions/Britain/Ille-et-Vilaine/Towns_and_villages/Rennes/Travel_and_tourism"
"vegasbail.net","Top/Business/Financial_Services/Surety_Bonds/Bail_Bonds"
"www.artseensoho.com","Top/Regional/North_America/United_States/New_York/Localities/N/New_York_City/Manhattan/Guides_and_Directories|Top/Arts/Visual_Arts/Collectives|Top/Regional/Asia/Japan/Arts_and_Entertainment/Traditional/Calligraphy"
"www.firstshanghai.com.hk","Top/Regional/Asia/Hong_Kong/Business_and_Economy/Financial_Services"
"www.odelle.com","Top/Arts/Visual_Arts/Painting/Painters/Acrylics"
"www.sklangen.de","Top/World/Deutsch/games/Table_games/board_Games/Abstract/chess/Teams/Germany/Hesse"
"www.absolut-bunt.de","Top/World/Deutsch/Culture/Illustration/Portfolios"
"www.bankingjobs.ch","Top/World/Deutsch/economy/Finanzgewerbe/employment"
"www.access-laserpress.com","Top/Regional/North_America/United_States/Arizona/Localities/P/Phoenix/Business_and_Economy/Printing|Top/Business/Publishing_and_Printing/Printing/Products/Commercial_Printing/United_States/Arizona"
"www.weinor.de","Top/World/Deutsch/economy/Construction/Building_supplies/outdoor_facilities"
"www.centralvtplanning.org","Top/Regional/North_America/United_States/Vermont/Regions/Central_Vermont/Society_and_Culture"
"www.adventureaddicts.com","Top/Regional/Africa/South_Africa/Travel_and_Tourism/Travel_Services/Tour_Operators/Adventure_Travel"
"www.catering.com","Top/Regional/North_America/United_States/Virginia/Localities/A/Alexandria/Business_and_Economy/Event_Planning/Caterers"
"www.smwilliamstown.catholic.edu.au","Top/Society/Religion_and_Spirituality/Christianity/Denominations/Catholicism/Education/K_through_12/Oceania/Australia/Victoria|Top/Regional/Oceania/Australia/Victoria/Localities/W/Williamstown/Education"
"www.caminhodapaz.com.br","Top/World/Português/Society/Religion_and_Spirituality/African-Brazilian/Umbanda"
"www.churstongolf.com","Top/Sports/Golf/Courses/Europe/United_Kingdom/England|Top/Regional/Europe/United_Kingdom/England/Devon/Galmpton"
"www.etude-ssk.ch","Top/World/Français/Regional/Europe/Swiss/Business_and_Economy/legal_professions/lawyers"
"www.newlifecovenant.com","Top/Regional/North_America/United_States/California/Localities/W/Wilmington/Society_and_Culture"
"www.hotelbritannia.it","Top/World/Italiano/Regional/Europe/Italy/Lazio/province_of_Rome/resort/Rome/tourism/Hotel/B"
"www.reynoldsfest.com","Top/Regional/North_America/United_States/Indiana/Localities/R/Reynolds"
"www.dryel.com","Top/Home/Consumer_Information/Home_and_Family/Laundry"
"www.akbf.ru","Top/World/Russian/Business/investments/brokerages"
"www.abiblecommentary.com","Top/Society/Religion_and_Spirituality/Christianity/Shopping/Booksellers/Individual_Promotions/Bible_Study"
"www.adphotographers.com","Top/Business/Arts_and_Entertainment/Photography/Photographers/Commercial-Advertising/North_America/United_States/Georgia"
"www.roostar.com","Top/Arts/Music/Bands_and_Artists/R"
"lawlibrary.stjohns.edu","Top/Society/Law/Law_Libraries/United_States/New_York/Law_School_Law_Libraries"
"www.lelandchickmd.com","Top/Health/Medicine/Surgery/Cosmetic_and_Plastic/Surgeons_and_Clinics/North_America/United_States/Utah"
"www.hbpic.gov.cn","Top/World/Chinese_Simplified/area/Asia/China/Hubei/government"
"www.lanit.ru","Top/World/Russian/computers/Software/Software_Engineering/company"
"www.latextubing.com","Top/World/Chinese_Simplified/area/Asia/China/Shandong/Qingdao/Business_and_Economy/Oil_and_Petrochemicals"
"www.lampenfieber.ch","Top/World/Deutsch/health/Alternative/Coaching/by_region/Switzerland|Top/World/Deutsch/Regional/Europe/Switzerland/Zurich/communities/Zurich/health/alternative_medicine"
"www.jewel-of-india.co.uk","Top/Regional/Europe/United_Kingdom/England/West_Yorkshire/Otley/Business_and_Economy/Restaurants_and_Bars"
"www.4x4hetnoorden.nl","Top/World/Nederlands/Recreation/Auto's/lovers/4x4"
"ameddivecenter.com","Top/Regional/Asia/Indonesia/Provinces/Bali/Localities/Amed/Recreation_and_Sports|Top/Recreation/Outdoors/Scuba_Diving/Regional/Asia/Indonesia/Bali"
"www.glaciernursery.com","Top/Business/Agriculture_and_Forestry/Horticulture/Ornamentals"
"www.hertsrestoration.co.uk","Top/Regional/Europe/United_Kingdom/Business_and_Economy/Construction_and_Maintenance/Building_Conservation/Contractors_and_Services"
"www.photography-louise.co.uk","Top/Regional/Europe/United_Kingdom/England/Hertfordshire/Hertford/Arts_and_Entertainment/Photography"
"www.theweddingco.hk","Top/Regional/Asia/Hong_Kong/Business_and_Economy/Event_Planning"
"www.cabinetsarau.ro","Top/World/Română/Society/Law/Services/advocacy"
"freestyle-coon.ru","Top/World/Russian/Countries_and_regions/Europe/Russia/Subjects_of_the_Federation/Khanty-Mansi_Autonomous_District_-_Yugra/Nizhnevartovsk/Business_and_Economy/animals"
"www.cvjm-hessen.de","Top/World/Deutsch/Regional/Europe/Germany/Hesse/society/Religion_and_Spirituality/Christianity"
"www.lofinkford.com","Top/Regional/North_America/United_States/New_York/Localities/C/Carthage/Business_and_Economy"
"www.mainecoon.ch","Top/World/Deutsch/leisure/Pets/cats/Breeds/Maine_Coon/breeder/Switzerland"
"www.i-tek.com","Top/World/Français/Business_and_Economy/Agriculture_and_Forestry/Equipment"
"multinationalmonitor.org","Top/News/Current_Events/Business_and_Economy|Top/Society/Issues/Business/Allegedly_Unethical_Firms|Top/Society/Issues/Business"
"www.livetsfodspor.dk","Top/World/Dansk/Health/Sectors/psychotherapy"
"www.hung-gar.de","Top/Sports/Martial_Arts/Kung_Fu/Hung_Gar"
"www.proxibid.com","Top/Shopping/Auctions"
"ecepace.ece.fr","Top/World/Français/Sciences/Astronomy/Associations/France/Ile-de-France"
"www.nunweilersflour.com","Top/Business/Food_and_Related_Products/Grains_and_Legumes/Flour_and_Milled_Products|Top/Regional/North_America/Canada/British_Columbia/Localities/K/Kelowna/Business_and_Economy/Industrial"
"maruyama.nagano-now.jp","Top/World/Japanese/Region/Asia/Japan/Nagano/Municipality/Shinanomachi/health"
"www.mainecoon.cz","Top/Recreation/Pets/Cats/Breeds/Maine_Coon/Catteries/Europe/Czech_Republic"
"www.olympiauncovered.com","Top/Regional/North_America/United_States/Washington/Localities/O/Olympia"
"www.brightwateralaska.com","Top/Regional/North_America/United_States/Alaska/Localities/A/Anchorage/Recreation_and_Sports/Fishing"
"www.fairfieldmemorial.org","Top/Health/Medicine/Facilities/Hospitals/North_America/United_States/Illinois|Top/Regional/North_America/United_States/Illinois/Localities/F/Fairfield"
"www.comune.vo.pd.it","Top/World/Italiano/Regional/Europe/Italy/Veneto/Province_of_Padua/resort/Wife"
"www.theatrepelemele.fr","Top/World/Français/Regional/Europe/France/regions/Rhone-Alpes/Rhone/Arts_et_culture/Performing_Arts/Theater"
"www.rvisd.net","Top/Regional/North_America/United_States/Texas/Localities/R/Rio_Vista"
"www.fortfriends.org","Top/Regional/North_America/United_States/Connecticut/Localities/N/New_London/Society_and_Culture|Top/Regional/North_America/United_States/Connecticut/Localities/N/New_London/Science_and_Environment"
"www.jobsundhandel.de","Top/World/Deutsch/Regional/Europe/Germany/Saxony/Counties/Bautzen/cities_and_communes/Schmölln"
"jcmb.halic.edu.tr","Top/Science/Biology/Biochemistry_and_Molecular_Biology/Publications/Journals"
"doom2.w.interiowo.pl","Top/World/Polski/Culture_and_art/Music/Contractors/FROM|Top/Arts/Music/Bands_and_Artists/Z/Zao"
"www.onelinkmortgage.com","Top/Regional/North_America/Canada/Manitoba/Localities/W/Winnipeg/Business_and_Economy/Financial_Services"
"www.stompin-ground.com","Top/Arts/Music/Instruments/Stringed/Guitar/Manufacturers/Accessories/Effects"
"gareauxgarous.free.fr","Top/World/Français/Games/Role_games/specific_Games/Thiercelieux_of_werewolves"
"www.thorntontraining.co.uk","Top/Regional/Europe/United_Kingdom/England/East_Sussex/Crowborough/Business_and_Economy/Business_Services|Top/Regional/Europe/United_Kingdom/Business_and_Economy/Training"
"www.nobody.dk","Top/World/Dansk/profession/business/Events|Top/World/Dansk/Regional/Europe/Denmark/East_Jutland/Hvorslev"
"www.svrambin61.de","Top/World/Deutsch/Regional/Europe/Germany/Mecklenburg-Vorpommern/Counties/Vorpommern-Rügen/cities_and_communes/Rambin"
"www.jiaopai.cn","Top/World/Chinese_Simplified/art/Body_Art"
"www.rosebuddies.com","Top/Regional/Europe/United_Kingdom/Business_and_Economy/Shopping/Home_and_Garden/Gardens/Plants/Roses"
"www.avestudio.com","Top/World/Español/Regional/Europe/Spain/Autonomous_communities/Galicia/Business_and_Economy/Computing/Internet/Web_design_and_development"
"www.nostalgie-events.de","Top/World/Deutsch/economy/retail_trade/special_Operators"
"www.homessoldbymike.com","Top/Regional/North_America/United_States/California/Localities/G/Granada_Hills/Business_and_Economy/Real_Estate"
"www.greatspokanehomes.com","Top/Regional/North_America/United_States/Washington/Localities/S/Spokane/Business_and_Economy/Real_Estate/Residential/Agents"
"www.texcavi.com","Top/World/Italiano/Business/Goods_and_Services_for_Industry/Cables_and_Wires|Top/World/Italiano/Regional/Europe/Italy/Lombardy/Province_of_Milan/resort/inzago"
"www.seiffen-erzgebirge.de","Top/World/Deutsch/Regional/Europe/Germany/Saxony/Counties/Erzgebirgskreis/cities_and_communes/Seiffen"
"art-objects.blogspot.com","Top/World/Español/Computing/WHAT"
"www.fitnessformation.co.uk","Top/Regional/Europe/United_Kingdom/Health/Fitness/Personal_Training"
"www.strollers.ro","Top/World/Română/Online_shopping/Games_and_toys"
"www.agrocent.de","Top/World/Deutsch/economy/Agriculture_and_Forestry/Equipment_and_resources/Landhandel"
"www.productoskarma.com","Top/World/Español/Business/Services/Healing_and_clairvoyance"
"northshoredrivingacademy.com","Top/Regional/North_America/United_States/Louisiana/Localities/M/Mandeville/Business_and_Economy/Automotive"
"www.brocardi.it","Top/World/Italiano/Society/Right/Legal_information"
"www.notadoro.it","Top/World/Italiano/Art/Music/vocal/competitions"
"www.meridiantech.edu","Top/Regional/North_America/United_States/Oklahoma/Localities/S/Stillwater/Education"
"www.tenerife-panorama.com","Top/World/Deutsch/Regional/Europe/Spain/Canary_Islands/Tenerife/Travel_and_Tourism"
"www.quarrypark.co.uk","Top/Sports/Flying_Discs/Disc_Golf/Courses"
"karacabeyihl.meb.k12.tr","Top/World/Türkçe/Local/Middle_East/Turkey/Regions/Marmara/Bursa/Districts/karacabey/Education"
"somersetcountryescape.co.uk","Top/Regional/Europe/United_Kingdom/England/Somerset/Wrantage"
"www.iaccoffee.de","Top/World/Deutsch/economy/Food_and_beverage/drinks/coffee/import_and_export"
"www.sugarcreekwines.com","Top/Recreation/Food/Drink/Wine/United_States/Missouri"
"www.vinde.es","Top/World/Español/Regional/Europe/Spain/Autonomous_communities/Castilla_y_Leon/Lion/Business_and_Economy"
"historia.wiszowaty.pl","Top/World/Polski/Judgment/Family/Family_pages/family_trees"
"www.aera.net","Top/Reference/Education/Organizations"
"www.immorosa.be","Top/World/Nederlands/Regional/Belgium/Flanders/West_Flanders/Business_and_Economy/Real_estate"
"ditenok.com","Top/World/Russian/Countries_and_regions/Europe/Belarus/the/Vitebsk/Vitebsk/Society_and_Culture"
"www.lockerbiesquare.org","Top/Regional/North_America/United_States/Indiana/Localities/I/Indianapolis/Society_and_Culture/Homeowners_Associations"
"osmanonaloo.meb.k12.tr","Top/World/Türkçe/Local/Middle_East/Turkey/Regions/Mediterranean/Antalya/Districts/Korkuteli/Education/Primary_and_Secondary_Education"
"www.argis.ru","Top/World/Russian/Business/Industrial_Goods_&amp;_Services/engineering/Ecological"
"prenatal.webs.com","Top/Regional/North_America/United_States/California/Localities/F/Fresno/Health"
"www.townends.co.uk","Top/Regional/Europe/United_Kingdom/England/Regions/South_East/Business_and_Economy/Property"
"www.yslpaint.com","Top/World/Chinese_Simplified/area/Asia/China/Jiangsu_Province/Suzhou/Business_and_Economy"
"www.blenta.se","Top/World/Svenska/Regional/Europe/Sweden/Skåne_County/municipalities/Sjöbo/Business_and_Economy"
"www.angklung-udjo.co.id","Top/World/Bahasa_Indonesia/Art/Craft"
"www.schulz-carpentry.com","Top/Regional/North_America/Canada/Nova_Scotia/Localities/W/West_LaHave"
"leitfaden-nachhaltigkeit.de","Top/World/Deutsch/Knowledge/education/colleges/Europe/Germany"
"www.castlefurniture.org","Top/Regional/Europe/United_Kingdom/Scotland/Fife/Cupar"
"uk-zhil.ru","Top/World/Russian/Countries_and_regions/Europe/Russia/Subjects_of_the_Federation/Kursk_region/Zheleznogorsk"
"www.cinedeautor.com","Top/World/Español/Shopping/Music,_video_and_DVD"
"gad-elmaleh.info","Top/World/Français/Hobbies/Humor/comedians"
"pek.by","Top/World/Russian/Countries_and_regions/Europe/Belarus/the/Minsk/Minsk/Business_and_Economy/Instruments_and_equipment"
"www.astec-medical.co.jp","Top/World/Japanese/business/health_care/Facilities_and_equipment"
"www.prospero.net.pl","Top/World/Polski/Biznes/consumer_Goods/House_and_garden/Furniture"
"www.gca.ro","Top/World/Română/Society/Law/Services/debt_recovery"
"www.jirkov.cz","Top/World/Česky/Countries_and_regions/Europe/Czech_Republic/counties/Usti/Jirkov"
"www.remscheid.de","Top/World/Deutsch/Regional/Europe/Germany/North_Rhine-Westphalia/cities_and_communes/R/Remscheid"
"www.firstsecuritybk.com","Top/Business/Financial_Services/Banking_Services/Banks_and_Institutions/Regional/North_America/United_States/Mississippi"
"www.zeulenroda.de","Top/World/Deutsch/Regional/Europe/Germany/Thuringia/Counties/Greiz/cities_and_communes/Zeulenroda-Triebes"
"www.easternshore.com","Top/Regional/North_America/United_States/Maryland/Metro_Areas_and_Regions/Eastern_Shore/Guides_and_Directories"
